site,count,mean,median
1,704,0.009951155908977273,0.0099079225
2,1478,0.009610966993504737,0.0094444705
3,1472,0.009706512851141304,0.0095802675
4,346,0.009722601524855492,0.009716438
