platform,count,mean,median
desktop,2000,0.0117356982239,0.011771563499999999
mobile,2000,0.007695616786499999,0.007709039
