browser,count,mean,median
chrome,2000,0.0109060324144,0.010941902
safari,2000,0.008525282596,0.0085518565
